{
  "z_x1": 0.17892879247665405,
  "z_x2": 0.016078365966677666,
  "z_x3": 0.039075177162885666,
  "z_x4": 0.6330111622810364,
  "z_x5": 0.6926177740097046,
  "z_score": 1.8784068822860718,
  "o_x1": 5.251749515533447,
  "o_x2": 0.589196503162384,
  "o_x3": 0.17892879247665405,
  "o_x4": 0.0,
  "o_x5": 0.06733153760433197,
  "o_x6": 0.01164369098842144,
  "o_x7": 0.041724637150764465,
  "o_x8": 0.0,
  "o_x9": 0.041865088045597076,
  "o_score_raw": -0.7268758416175842,
  "o_prob": 0.32588067650794983,
  "f1": 1.0,
  "f2": 1.0,
  "f3": 0.0,
  "f4": 1.0,
  "f5": 0.0,
  "f6": 0.0,
  "f7": 0.0,
  "f8": 0.0,
  "f9": 0.0,
  "f_score": 4.0,
  "dsri": 0.995725691318512,
  "gmi": 0.9948960542678833,
  "aqi": 0.86189866065979,
  "sgi": 1.0760208368301392,
  "depi": 0.9763869047164917,
  "sgai": 0.9996002316474915,
  "tata": -0.04796215891838074,
  "lvgi": 0.9763011932373047,
  "m_score": -2.667841672897339,
  "roa": 0.011823408305644989,
  "cfo_ta": 0.0461968369781971,
  "cr": 1.7184466123580933,
  "lev": 0.09483104944229126,
  "gm": 0.3613576591014862,
  "asset_turn": 0.6926177740097046,
  "delta_roa": -0.0003108069649897516,
  "delta_cr": -0.010093212127685547,
  "delta_lev": 0.0,
  "delta_gm": 0.0006465017795562744,
  "delta_sale": 0.07602082192897797,
  "delta_at": 0.05677616596221924,
  "debt_ratio": 0.589196503162384,
  "equity_ratio": 0.3797658085823059,
  "log_at": 5.251749515533447,
  "log_sale": 4.626231670379639
}